MatrixArrays	aWFMZW49NQppYTA9MTAgaWE0PTUwCmZzdW09MTUwCm1heD01MApieXRlQXJyPTEyNgpzaG9ydEFycj0wCmNoYXJBcnI9ODggODkgOTAKY2hhckxlbj0zCmxvbmdBcnIwPTEwMDAwMDAwMDAwMApsb25nU3VtQ250PTMKZmEwPTAuMjUKZmExPTAuNQpmYTI9MC43NQpmYTM9MS4wCmRhMD0xLjUKZGExPTIuNQpkYTI9My41CmRhMz00LjUKYm9vbEFycjA9MQpib29sQXJyMT0wCg==
MatrixConstants	dXNlPTUwCmxpbWl0PTEwCnB1Yj0yMApoYWxmPTAuNQpoYWxmTXVsPTMuMAp0YWc9ODEKYmlnPTcwMDAwMDAwMDAKZW5hYmxlZD0xCmV4cHI9NTAK
MatrixControlFlow	Z3JpZD04CnNraXA9MTUKd2hpbGVUaWNrcz01CncxO3czO3c0OwpncmFkZT1CCmdyYWRlMj1DCnBhcml0eT00Cg==
MatrixEdgeNumeric	cT0tMyByPS0xCnE9LTMgcj0xCmxvbmdOZWFyTWF4PTkyMjMzNzIwMzY4NTQ3NzU4MDYKZmFjYz0xLjAwMDAwMDEKZGFjYz0xLjAwMDAwMDAxNDkwMTE2MTIKZnBFcT0wCmZwR3Q9MApuYW5TZWxmRXE9MApuYW5MdD0wCm5hbk5lPTEKbmVnWmVybz0wLjAKbmVnWmVyb0VxPTEKZm5hbk5lPTEK
MatrixFloatPrint	Zj0yLjUKZD0yLjUKZjAxPTAuMQpkMDE9MC4xCmRpbnQ9MTAwLjAKZmludD0xMDAuMApkbmVnPS0wLjI1CmRzbWFsbD0wLjAwMQpkc2NpPTEuMEUtNApkc2NpQmlnPTEuMEU3CmRwb3M9OTk5OTk5OS4wCmRwaT0zLjE0MTU5MjY1MzU4OTc5MwpwaTIyPTMuMTQyODU3CnRoaXJkPTAuMzMzMzMzMzQKZnRoaXJkPTAuMzMzMzMzMzQKZGFkZD0wLjMwMDAwMDAwMjk4MDIzMjIKZjEwPTEwLjAxCmZ3aWRlbj0xMC4wMTAwMDAyMjg4ODE4MzYKZG1pZD0xMjM0NTYuNzg5CmRoYWxmPTAuNQpkMWU3PTEuMEU3CmQxZS03PTEuMDAwMDAwMDAwMDAwMDAwMkUtNwpkaW5mPUluZmluaXR5CmRuYW49TmFOCg==
MatrixFunctions	ZmliMTA9NTUKZmliMj0xCmdjZD0xMgpldmVuMTA9MQpvZGQxMD0wCmZhY3Q1PTEyMApmYWN0MD0xCmhpO2hpO2hpOwpjYWxsPTEwMDcgb3JpZz03Cm5lc3RlZD0xMwo=
MatrixModules	dmVyc2lvbj0zCmFkZD00MgptdWw9NDIKZmliPTU1CnN0ZXA9NDMKc3VtPTU1CnNjYWxlZD0zLjAKc2NhbGVkMDE9MC4xNTAwMDAwMDIyMzUxNzQxOApuZXN0ZWQ9MjAK
MatrixOperators	c3VtPTIyCmRpZmY9MTIKcHJvZD04NQpxdW89MwpyZW09MgpuZWc9LTE3CnRydW5jMT0tMwpyZW0xPS0xCnRydW5jMj0tMwpyZW0yPTEKcmVtMz0tMQpsb25nUHJvZD0xNTAwMDAwMDAwMApsb25nRGlmZj0yMDAwMDAwMDAwCmludEJpZz0xNTAwMDAwMDAwCmRtdWw9My4wCmRkaXY9Mi41CmRzdWI9My4yNQpkemVybz0wLjAKY2hhclN1bT0xMzAKbHQ9MQpnZT0wCm5lPTEKZXE9MApuZWdWYXI9LTUK
MatrixOptimizer	Zm9sZD0yMAphbGc9MTAKbXVsMD03CnN1YlNlbGY9NQp0aGVuS2VlcD0xCmJyYW5jaEZvbGQ9MQpkZWFkTG9vcE9rPTEKbG9vcFN1bT0xMApjbXBGb2xkPTEKdmFyQXJpdGg9NTAKYm90aD0xCnNob3J0PTEKZzI7YW5kU2hvcnQ9MQo=
MatrixPointers	YmVmb3JlPTEwLDk5CnN3YXBwZWQ9OTksMTAKYnVtcGVkPTEwNCwxMDQKYmlnZ2VyPTEwNAp2aWFQUD0xMjM0CnZpYVA9MTIzNApwdHJzRGlmZj0xCnB0cnNTYW1lPTEKaXNOdWxsPTEKcGlja0RlcmVmPTEyMzQK
MatrixPrintf	aT0xMDAwMDAsIGY9MS41LCBkPTIuMjUKYj03IHM9LTMwMCBjPTgxIGw9OTg3NjU0MzIxMAptaXhlZD0xMDAwMDB8Mi4yNXw5ODc2NTQzMjEwfDEuNQp0YWIJaGVyZQphYgoKYWZ0ZXIK5Lit5paHOjEwMDAwMAplbXB0eT0xMDAwMDAK
MatrixScalarTypes	Ynl0ZT0xMDAKYnl0ZU5lZz0tMTAwCnNob3J0PS0zMDAwMApjaGFyQT02NQppbnQ9MTIzNDU2Nwpsb25nPTkwMDcxOTkyNTQ3NDA5OTMKd2lkZW49NDIuMApjaGFyQXJpdGg9NjcKYm9vbFQ9MQpib29sRj0wCnByb21vdGVkPTQwNjQwMDAKdHJ1bmNXaWRlbj00MDY0LjAK
MatrixShortCircuit	bTE7IG91dD0wCm0zO200OyBvdXQ9MQptNTsgb3V0PTEKbTc7bTg7IG91dD0xCm05O20xMDttMTE7IG91dD0wCg==
