pf_alias	dmlhQj00MQp2aWFDPTQxCm9yaWc9NDEKdmlhQT00MgphbGlhc2VzPTQzLDQzLDQzCmFsbD00NCw0NCw0NCw0NApzYW1lU3RvcmFnZT0xCg==
pf_basic	eDA9NQpyZWFkPTUKeDE9MTAwCnN0YXI9MTAwCnkxPTEwCnN1bT0xMTAKY29weT0xMAo=
pf_chain_calls	cmVjPTUsNQpsb29wQ2FsbHM9NCw0CnRocmVlRnJhbWU9MTAwCnR3b0ZyYW1lPTEwMAppZGVudGl0eT02CmNoYWluZWQ9Nyw3Cg==
pf_compare	c2FtZUFkZHI9MQpkaWZmQWRkcj0xCmNvcHlFcT0xCnJlcG9pbnRFcT0wCnBwQWRkcj0xCmRlcmVmU2FtZT0xCnNlbGZFcT0xCm5vdE51bGw9MQpudWxsRXFMZWZ0PTEK
pf_control_flow	YWZ0ZXJJZj0xCmFmdGVyRm9yPTQKd2hpbGVTdW09MTAKd2Fsa0NudD0zCndhbGtTdW09NjYKZ3VhcmRlZD0xMCwzCg==
pf_lifetime	YWZ0ZXJQb2tlPTMwLDMwCm90aGVyTGl2ZT0yCnBpY2tlZD0zMApzYW1lU3RvcmFnZT0xCm5vdz01NSw1NQpib3RoTGl2ZT01NSwxMDAK
pf_multi_level	b25lPTcKdHdvPTcKdGhyZWU9Nwp2aWFQPTQwCnZpYVg9NDAKZGVlcD05OQpyZXBvaW50PTcwCnkyPTc1CmlubmVyPTc1CnFSZWFkPTk5CnFXcml0ZT0xMjMKZmluYWw9MTIzCg==
pf_null	cE51bGw9MQpib3RoTnVsbEVxPTEKcHBOdWxsPTEKcFNldD0xCmVxQWZ0ZXI9MAphbGlhc0VxPTEKdmlhTnVsbEZuPTEKdmlhU2V0Rm49MApjb21ibz0xCg==
pf_optimizer_safety	YT0xMDAKYj0xMDAKYz00MDEKZD00MDIKZT0yMQpmPTMwCmc9OApoPTEK
pf_params	eD03Cnk9OTkKc3dhcHBlZD05OSw3CmJpZz05OQpiaWcyPTk5CnR3aWNlPTksOQpzZWxmU3dhcD05OQo=
pf_types	Ynl0ZT0tNwpzaG9ydD0zMDAwMApjaGFyPTkwCmludD0yMTQ3NDgzNjQ3Cmxvbmc9OTg3NjU0MzIxMDEyMwpmbG9hdD0yLjUKZG91YmxlPS0wLjEyNQpib29sPTEKcmVhZHM9LTcgOTAgMjE0NzQ4MzY0NwptaXhlZD04Mwo=
pf_writes	b3JkZXI9OApjbGVhcj0xMDAsMApib3VuZHM9LTIxNDc0ODM2NDYsMjE0NzQ4MzY0NgptaXg9NwpzZXE9OApjb25kPTkK
